<?xml version="1.0" encoding="UTF-8" ?>
<!DOCTYPE hibernate-configuration PUBLIC
        "-//Hibernate/Hibernate Configuration DTD 3.0//EN"
        "http://www.hibernate.org/dtd/hibernate-configuration-3.0.dtd">

<hibernate-configuration>
    <session-factory>
        <property name="dialect">
            org.hibernate.dialect.MySQLDialect
        </property>

        <property name="show_sql">false</property>
        <property name="connection.useUnicode">true</property>
        <property name="connection.characterEncoding">UTF-8</property>
        <property name="current_session_context_class">thread</property>
        <property name="connection.driver_class">com.mysql.cj.jdbc.Driver</property>
        <!-- 最大连接数 -->
        <property name="hibernate.c3p0.max_size">100</property>
        <!-- 最小连接数 -->
        <property name="hibernate.c3p0.min_size">50</property>
        <!-- 获得连接的超时时间,如果超过这个时间,会抛出异常，单位ms -->
        <property name="hibernate.c3p0.timeout">2000</property>
        <!-- 最大的PreparedStatement的数量 -->
        <property name="hibernate.c3p0.max_statements">1000</property>
        <!-- 每隔60秒检查连接池里的空闲连接 ，单位s-->
        <property name="hibernate.c3p0.idle_test_period">60</property>
        <!-- 当连接池里面的连接用完的时候，C3P0一下获取的新的连接数 -->
        <property name="hibernate.c3p0.acquire_increment">1</property>
        <!--定义在从数据库获取新连接失败后重复尝试的次数-->
        <property name="hibernate.c3p0.acquireRetryAttempts">30</property>
        <!--两次连接中间隔时间，单位ms -->
        <property name="hibernate.c3p0.acquireRetryDelay">2000</property>
        <!--获取连接失败将会引起所有等待连接池来获取连接的线程抛出异常。但是数据源仍有效
            保留，并在下次调用getConnection()的时候继续尝试获取连接。如果设为true，那么在尝试
            获取连接失败后该数据源将申明已断开并永久关闭-->
        <property name="hibernate.c3p0.breakAfterAcquireFailure">false</property>

        <!--异步检查连接有效性-->
        <property name="hibernate.c3p0.testConnectionOnCheckin">true</property>
        <property name="hibernate.c3p0.testConnectionOnCheckout">false</property>

    </session-factory>
</hibernate-configuration>
